INSERT INTO kv_store_6522a742 (key, value) VALUES
('app_config', '{"version": "1.0.0", "features": {"ai_enabled": true, "crm_enabled": true, "pitch_deck_enabled": true}, "limits": {"max_decks": 10, "max_slides": 50, "max_ai_calls_per_day": 100}}'),
('user_preferences_8f93914d-14b6-4393-8d86-9520e92c5ad8', '{"theme": "dark", "language": "en", "notifications": {"email": true, "push": true, "sms": false}, "dashboard_layout": "grid"}'),
('user_preferences_86f2c37b-d26d-4f29-9f1d-8834de1fe9a3', '{"theme": "light", "language": "en", "notifications": {"email": true, "push": false, "sms": false}, "dashboard_layout": "list"}'),
('cache_crm_stats', '{"total_deals": 10, "total_contacts": 12, "total_accounts": 10, "pipeline_value": 875000, "last_updated": "2025-12-07T00:00:00Z"}'),
('feature_flags', '{"new_editor": true, "ai_copilot": true, "beta_features": false, "maintenance_mode": false}')
ON CONFLICT (key) DO NOTHING;

INSERT INTO automation_rules (id, startup_id, name, description, is_active, trigger_event, trigger_filter, actions, run_count, last_run_at, created_at, updated_at) VALUES
('a1a1a1a1-a1a1-a1a1-a1a1-a1a1a1a1a1a1', '1122065b-42d4-4ee1-b03c-2d33a1a2216e', 'New Deal Alert', 'Send Slack notification when a new deal is created', true, 'deal.created', '{"min_value": 10000}', '[{"type": "send_notification", "channel": "slack", "message": "New deal created: {{deal.name}} worth ${{deal.amount}}"}]', 5, NOW() - INTERVAL '2 days', NOW() - INTERVAL '30 days', NOW() - INTERVAL '2 days'),
('a2a2a2a2-a2a2-a2a2-a2a2-a2a2a2a2a2a2', '1122065b-42d4-4ee1-b03c-2d33a1a2216e', 'Stage Change Tracker', 'Log activity when deal stage changes', true, 'deal.stage_changed', '{}', '[{"type": "create_activity", "activity_type": "stage_change"}, {"type": "update_field", "field": "last_activity_date", "value": "{{now}}"}]', 15, NOW() - INTERVAL '1 day', NOW() - INTERVAL '30 days', NOW() - INTERVAL '1 day'),
('a3a3a3a3-a3a3-a3a3-a3a3-a3a3a3a3a3a3', '1122065b-42d4-4ee1-b03c-2d33a1a2216e', 'AI Deal Scoring', 'Trigger AI scoring when deal reaches Qualified stage', true, 'deal.stage_changed', '{"new_stage": "Qualified"}', '[{"type": "call_ai", "endpoint": "score-deal", "params": {"deal_id": "{{deal.id}}"}}]', 8, NOW() - INTERVAL '3 days', NOW() - INTERVAL '25 days', NOW() - INTERVAL '3 days'),
('a4a4a4a4-a4a4-a4a4-a4a4-a4a4a4a4a4a4', '861c87b7-62f8-47b3-91ee-26bb1a78dbac', 'Task Reminder', 'Send email reminder for overdue tasks', true, 'task.overdue', '{"days_overdue": 1}', '[{"type": "send_notification", "channel": "email", "template": "task_reminder"}]', 3, NOW() - INTERVAL '1 day', NOW() - INTERVAL '15 days', NOW() - INTERVAL '1 day'),
('a5a5a5a5-a5a5-a5a5-a5a5-a5a5a5a5a5a5', '861c87b7-62f8-47b3-91ee-26bb1a78dbac', 'Contact Follow-up', 'Schedule follow-up task after interaction', false, 'interaction.created', '{"type": "meeting"}', '[{"type": "create_task", "title": "Follow up on meeting with {{contact.name}}", "due_days": 3}]', 0, NULL, NOW() - INTERVAL '10 days', NOW() - INTERVAL '10 days')
ON CONFLICT (id) DO NOTHING;

INSERT INTO ai_runs (id, user_id, tool_name, args_json, status, duration_ms, cost_estimate, created_at) VALUES
('b1b1b1b1-b1b1-b1b1-b1b1-b1b1b1b1b1b1', '8f93914d-14b6-4393-8d86-9520e92c5ad8', 'generate-pitch-deck', '{"startup_id": "1122065b-42d4-4ee1-b03c-2d33a1a2216e", "template": "modern", "slides": 12}', 'success', 45230, 0.08, NOW() - INTERVAL '5 days'),
('b2b2b2b2-b2b2-b2b2-b2b2-b2b2b2b2b2b2', '8f93914d-14b6-4393-8d86-9520e92c5ad8', 'score-deal', '{"deal_id": "d1e2f3a4-b5c6-4789-d0e1-f2a3b4c5d6e7"}', 'success', 3250, 0.02, NOW() - INTERVAL '4 days'),
('b3b3b3b3-b3b3-b3b3-b3b3-b3b3b3b3b3b3', '86f2c37b-d26d-4f29-9f1d-8834de1fe9a3', 'enrich-lead', '{"contact_id": "c1d2e3f4-a5b6-4789-c0d1-e2f3a4b5c6d7", "depth": "full"}', 'success', 8750, 0.05, NOW() - INTERVAL '3 days'),
('b4b4b4b4-b4b4-b4b4-b4b4-b4b4b4b4b4b4', '86f2c37b-d26d-4f29-9f1d-8834de1fe9a3', 'generate-pitch-deck', '{"startup_id": "861c87b7-62f8-47b3-91ee-26bb1a78dbac", "template": "minimal", "slides": 10}', 'success', 38500, 0.07, NOW() - INTERVAL '2 days'),
('b5b5b5b5-b5b5-b5b5-b5b5-b5b5b5b5b5b5', 'f0793a85-0b9d-4197-9e5f-bec368d28747', 'analyze-market', '{"industry": "SaaS", "region": "North America"}', 'error', 12000, 0.03, NOW() - INTERVAL '1 day')
ON CONFLICT (id) DO NOTHING;

INSERT INTO crm_activities (id, startup_id, deal_id, contact_id, account_id, user_id, activity_type, title, description, metadata, occurred_at) VALUES
('c1c1c1c1-c1c1-c1c1-c1c1-c1c1c1c1c1c1', '1122065b-42d4-4ee1-b03c-2d33a1a2216e', 'd1e2f3a4-b5c6-4789-d0e1-f2a3b4c5d6e7', 'c1d2e3f4-a5b6-4789-c0d1-e2f3a4b5c6d7', 'a1b2c3d4-e5f6-4789-a0b1-c2d3e4f5a6b7', '8f93914d-14b6-4393-8d86-9520e92c5ad8', 'stage_change', 'Deal moved to Negotiation', 'Deal progressed from Proposal to Negotiation stage', '{"from_stage": "Proposal", "to_stage": "Negotiation", "probability_change": 25}', NOW() - INTERVAL '5 days'),
('c2c2c2c2-c2c2-c2c2-c2c2-c2c2c2c2c2c2', '1122065b-42d4-4ee1-b03c-2d33a1a2216e', 'd1e2f3a4-b5c6-4789-d0e1-f2a3b4c5d6e7', 'c1d2e3f4-a5b6-4789-c0d1-e2f3a4b5c6d7', 'a1b2c3d4-e5f6-4789-a0b1-c2d3e4f5a6b7', '8f93914d-14b6-4393-8d86-9520e92c5ad8', 'email', 'Sent proposal follow-up', 'Followed up on the enterprise license proposal with pricing details', '{"email_subject": "Re: Acme Analytics Enterprise License Proposal", "email_status": "delivered"}', NOW() - INTERVAL '4 days'),
('c3c3c3c3-c3c3-c3c3-c3c3-c3c3c3c3c3c3', '1122065b-42d4-4ee1-b03c-2d33a1a2216e', 'e2f3a4b5-c6d7-4890-e1f2-a3b4c5d6e7f8', 'e3f4a5b6-c7d8-4901-e2f3-a4b5c6d7e8f9', 'f6a7b8c9-d0e1-4234-f5a6-b7c8d9e0f1a2', '86f2c37b-d26d-4f29-9f1d-8834de1fe9a3', 'meeting', 'Contract signing meeting', 'Final contract review and signing with BlueWave Fintech', '{"meeting_type": "video", "duration_minutes": 45, "attendees": ["michael.chen@bluewavefintech.com", "legal@bluewavefintech.com"]}', NOW() - INTERVAL '7 days'),
('c4c4c4c4-c4c4-c4c4-c4c4-c4c4c4c4c4c4', '1122065b-42d4-4ee1-b03c-2d33a1a2216e', 'f3a4b5c6-d7e8-4901-f2a3-b4c5d6e7f8a9', 'a5b6c7d8-e9f0-4123-a4b5-c6d7e8f9a0b1', 'a7b8c9d0-e1f2-4345-a6b7-c8d9e0f1a2b3', 'f0793a85-0b9d-4197-9e5f-bec368d28747', 'call', 'Discovery call with NovaHealth', 'Initial discovery call to understand their healthcare IT needs', '{"call_duration": 32, "outcome": "positive", "next_steps": "Schedule technical demo"}', NOW() - INTERVAL '3 days'),
('c5c5c5c5-c5c5-c5c5-c5c5-c5c5c5c5c5c5', '1122065b-42d4-4ee1-b03c-2d33a1a2216e', NULL, 'd2e3f4a5-b6c7-4890-d1e2-f3a4b5c6d7e8', 'a1b2c3d4-e5f6-4789-a0b1-c2d3e4f5a6b7', '8f93914d-14b6-4393-8d86-9520e92c5ad8', 'note', 'CFO budget conversation', 'Sarah mentioned Q1 budget planning is underway, good time to push for annual contract', '{"tags": ["budget", "timing", "opportunity"]}', NOW() - INTERVAL '2 days')
ON CONFLICT (id) DO NOTHING;

INSERT INTO ai_coach_insights (id, startup_id, payload, insights, alerts, recommendations, match_score, created_at, updated_at) VALUES
('d1d1d1d1-d1d1-d1d1-d1d1-d1d1d1d1d1d1', '1122065b-42d4-4ee1-b03c-2d33a1a2216e', '{"type": "profile_analysis", "data": {"name": "AI Pitch Pro", "stage": "Seed", "industry": "SaaS", "traction": {"mrr": 12500, "users": 500}}}', '{"strengths": ["Strong product-market fit signals", "Consistent MRR growth", "Low churn rate"], "weaknesses": ["Limited market differentiation", "Small team size"], "opportunities": ["Enterprise market expansion", "Partnership with accelerators"]}', '[{"type": "action_required", "priority": "high", "message": "Pitch deck needs updating with latest metrics"}, {"type": "opportunity", "priority": "medium", "message": "3 investors in your network recently funded similar startups"}]', '[{"category": "fundraising", "action": "Update pitch deck with Q4 metrics", "impact": "high"}, {"category": "growth", "action": "Focus on enterprise sales motion", "impact": "high"}, {"category": "team", "action": "Consider hiring a sales lead", "impact": "medium"}]', 85, NOW() - INTERVAL '3 days', NOW() - INTERVAL '1 day'),
('d2d2d2d2-d2d2-d2d2-d2d2-d2d2d2d2d2d2', '861c87b7-62f8-47b3-91ee-26bb1a78dbac', '{"type": "profile_analysis", "data": {"name": "CodeFlow", "stage": "Pre-seed", "industry": "Developer Tools"}}', '{"strengths": ["Innovative technology", "Strong technical team"], "weaknesses": ["No revenue yet", "Unclear go-to-market"], "opportunities": ["Developer community growth", "Open source strategy"]}', '[{"type": "warning", "priority": "high", "message": "Profile completion at 60% - complete for better investor matching"}]', '[{"category": "product", "action": "Launch beta program", "impact": "high"}, {"category": "marketing", "action": "Build developer community", "impact": "medium"}]', 72, NOW() - INTERVAL '5 days', NOW() - INTERVAL '2 days'),
('d3d3d3d3-d3d3-d3d3-d3d3-d3d3d3d3d3d3', '08c74e50-f86e-49a7-b215-338a47daa187', '{"type": "deal_analysis", "data": {"pipeline_value": 250000, "deal_count": 5, "avg_cycle": 45}}', '{"pipeline_health": "good", "conversion_rate": 0.35, "bottleneck_stage": "Proposal"}', '[{"type": "insight", "priority": "medium", "message": "Deals spending too long in Proposal stage - average 15 days vs industry 7 days"}]', '[{"category": "sales", "action": "Implement proposal templates to speed up cycle", "impact": "high"}, {"category": "sales", "action": "Add automated follow-up after 5 days in Proposal", "impact": "medium"}]', 78, NOW() - INTERVAL '2 days', NOW() - INTERVAL '1 day')
ON CONFLICT (id) DO NOTHING;

INSERT INTO decks (id, org_id, title, template, created_at, updated_at, user_id, startup_id, description, slides, theme_config, last_accessed_at, status, meta) VALUES
('e1e1e1e1-e1e1-e1e1-e1e1-e1e1e1e1e1e1', 'e033ddef-b3f2-4bbe-a10d-c451e05ae6f8', 'AI Pitch Pro - Seed Round', 'modern', NOW() - INTERVAL '10 days', NOW() - INTERVAL '2 days', '8f93914d-14b6-4393-8d86-9520e92c5ad8', '1122065b-42d4-4ee1-b03c-2d33a1a2216e', 'Seed round pitch deck for AI Pitch Pro', '[]', '{"primary_color": "#6366f1", "secondary_color": "#8b5cf6", "font_family": "Inter", "background": "light"}', NOW() - INTERVAL '1 day', 'draft', '{"version": 3, "ai_generated": true, "last_presented": null}'),
('e2e2e2e2-e2e2-e2e2-e2e2-e2e2e2e2e2e2', 'e033ddef-b3f2-4bbe-a10d-c451e05ae6f8', 'CodeFlow - Demo Day', 'minimal', NOW() - INTERVAL '7 days', NOW() - INTERVAL '3 days', '86f2c37b-d26d-4f29-9f1d-8834de1fe9a3', '861c87b7-62f8-47b3-91ee-26bb1a78dbac', 'Demo day presentation for accelerator', '[]', '{"primary_color": "#10b981", "secondary_color": "#14b8a6", "font_family": "Space Grotesk", "background": "dark"}', NOW() - INTERVAL '3 days', 'published', '{"version": 5, "ai_generated": true, "last_presented": "2025-12-04"}'),
('e3e3e3e3-e3e3-e3e3-e3e3-e3e3e3e3e3e3', '195eb048-94c4-400e-8b56-31bbedc0fb4f', 'DesignHub - Series A', 'corporate', NOW() - INTERVAL '15 days', NOW() - INTERVAL '5 days', 'f0793a85-0b9d-4197-9e5f-bec368d28747', '08c74e50-f86e-49a7-b215-338a47daa187', 'Series A fundraising deck', '[]', '{"primary_color": "#f59e0b", "secondary_color": "#f97316", "font_family": "Söhne", "background": "light"}', NOW() - INTERVAL '5 days', 'draft', '{"version": 2, "ai_generated": false, "last_presented": null}'),
('e4e4e4e4-e4e4-e4e4-e4e4-e4e4e4e4e4e4', '195eb048-94c4-400e-8b56-31bbedc0fb4f', 'GrowthMetrics - Investor Update', 'modern', NOW() - INTERVAL '5 days', NOW() - INTERVAL '1 day', '8f93914d-14b6-4393-8d86-9520e92c5ad8', '4b3e347a-6f2e-4c28-b456-03325a985252', 'Monthly investor update deck', '[]', '{"primary_color": "#3b82f6", "secondary_color": "#6366f1", "font_family": "Inter", "background": "light"}', NOW(), 'published', '{"version": 1, "ai_generated": true, "last_presented": "2025-12-06"}')
ON CONFLICT (id) DO NOTHING;

INSERT INTO slides (id, deck_id, position, title, content, image_url, template, chart_data, table_data, type, created_at, updated_at, speaker_notes) VALUES
('f1f1f1f1-f1f1-f1f1-f1f1-f1f1f1f1f1f1', 'e1e1e1e1-e1e1-e1e1-e1e1-e1e1e1e1e1e1', 1, 'AI Pitch Pro', 'Transform your fundraising with AI-powered pitch decks', NULL, 'title', NULL, NULL, 'vision', NOW() - INTERVAL '10 days', NOW() - INTERVAL '2 days', 'Welcome everyone.'),
('f2f2f2f2-f2f2-f2f2-f2f2-f2f2f2f2f2f2', 'e1e1e1e1-e1e1-e1e1-e1e1-e1e1e1e1e1e1', 2, 'The Problem', 'Founders spend 60+ hours creating pitch decks', NULL, 'content', NULL, NULL, 'problem', NOW() - INTERVAL '10 days', NOW() - INTERVAL '2 days', 'Pain point we experienced.'),
('f3f3f3f3-f3f3-f3f3-f3f3-f3f3f3f3f3f3', 'e1e1e1e1-e1e1-e1e1-e1e1-e1e1e1e1e1e1', 3, 'Our Solution', 'AI-powered pitch deck generation', NULL, 'content', NULL, NULL, 'solution', NOW() - INTERVAL '10 days', NOW() - INTERVAL '2 days', 'Our platform solves this.'),
('f4f4f4f4-f4f4-f4f4-f4f4-f4f4f4f4f4f4', 'e1e1e1e1-e1e1-e1e1-e1e1-e1e1e1e1e1e1', 4, 'Traction', '$12,500 MRR with 500+ users', NULL, 'metrics', '{"type": "line", "data": [{"month": "Jul", "mrr": 5000}, {"month": "Nov", "mrr": 12500}]}', NULL, 'traction', NOW() - INTERVAL '10 days', NOW() - INTERVAL '2 days', NULL),
('f5f5f5f5-f5f5-f5f5-f5f5-f5f5f5f5f5f5', 'e1e1e1e1-e1e1-e1e1-e1e1-e1e1e1e1e1e1', 5, 'The Ask', 'Raising $1.5M Seed', NULL, 'content', NULL, '{"headers": ["Category", "Allocation"], "rows": [["Engineering", "50%"], ["Marketing", "30%"]]}', 'ask', NOW() - INTERVAL '10 days', NOW() - INTERVAL '2 days', NULL),
('f6f6f6f6-f6f6-f6f6-f6f6-f6f6f6f6f6f6', 'e2e2e2e2-e2e2-e2e2-e2e2-e2e2e2e2e2e2', 1, 'CodeFlow', 'The future of collaborative coding', NULL, 'title', NULL, NULL, 'vision', NOW() - INTERVAL '7 days', NOW() - INTERVAL '3 days', NULL),
('f7f7f7f7-f7f7-f7f7-f7f7-f7f7f7f7f7f7', 'e2e2e2e2-e2e2-e2e2-e2e2-e2e2e2e2e2e2', 2, 'Product Demo', 'Live demonstration', NULL, 'content', NULL, NULL, 'product', NOW() - INTERVAL '7 days', NOW() - INTERVAL '3 days', NULL),
('f8f8f8f8-f8f8-f8f8-f8f8-f8f8f8f8f8f8', 'e3e3e3e3-e3e3-e3e3-e3e3-e3e3e3e3e3e3', 1, 'DesignHub', 'Design collaboration for modern teams', NULL, 'title', NULL, NULL, 'vision', NOW() - INTERVAL '15 days', NOW() - INTERVAL '5 days', NULL),
('f9f9f9f9-f9f9-f9f9-f9f9-f9f9f9f9f9f9', 'e3e3e3e3-e3e3-e3e3-e3e3-e3e3e3e3e3e3', 2, 'Market Opportunity', '$15B TAM', NULL, 'content', '{"type": "pie", "data": [{"segment": "Enterprise", "value": 45}]}', NULL, 'market', NOW() - INTERVAL '15 days', NOW() - INTERVAL '5 days', NULL),
('fafafafa-fafa-fafa-fafa-fafafafafafa', 'e4e4e4e4-e4e4-e4e4-e4e4-e4e4e4e4e4e4', 1, 'December Update', 'Monthly Investor Update', NULL, 'title', NULL, NULL, 'generic', NOW() - INTERVAL '5 days', NOW() - INTERVAL '1 day', NULL)
ON CONFLICT (id) DO NOTHING;

